Team,Position,Player,Rating
Cardinals,QB,Kyler Murray,82
Cardinals,QB,Brett Hundley,63
Cardinals,QB,Chris Streveler,61
Cardinals,QB,Cole McDonald,57
Cardinals,HB,Kenyan Drake,83
Cardinals,HB,Chase Edmonds,76
Cardinals,HB,Khalfani Muhammad,66
Cardinals,HB,Eno Benjamin,65
Cardinals,HB,Jonathan Ward,64
Cardinals,HB,D.J. Foster,63
Cardinals,WR1,DeAndre Hopkins,99
Cardinals,WR2,Larry Fitzgerald,80
Cardinals,WR3,Christian Kirk,79
Cardinals,TE,Maxx Williams,74
Cardinals,TE,Dan Arnold,71
Cardinals,TE,Seth DeValve,67
Cardinals,TE,Darrell Daniels,64
Cardinals,TE,Aaron Brewer,32
Cardinals,LT,D.J. Humphries,77
Cardinals,LT,Josh Jones,66
Cardinals,LT,Joshua Miles,56
Cardinals,LG,Justin Pugh,78
Cardinals,LG,Max Garcia,60
Cardinals,C,Lamont Gaillard,68
Cardinals,C,Mason Cole,66
Cardinals,RG,J.R. Sweezy,72
Cardinals,RG,Koda Martin,57
Cardinals,RT,Marcus Gilbert,73
Cardinals,RT,Kelvin Beachum Jr.,72
Cardinals,RT,Justin Murray,65
Cardinals,DT,Corey Peters,75
Cardinals,DT,Domata Peko Sr.,73
Cardinals,DT,Rashard Lawrence,65
Cardinals,LE,Zach Allen,70
Cardinals,LE,Angelo Blackson,68
Cardinals,LE,Michael Dogbe,65
Cardinals,RE,Jordan Phillips,73
Cardinals,RE,Leki Fotu,66
Cardinals,LOLB,Chandler Jones,94
Cardinals,LOLB,Haason Reddick,83
Cardinals,LOLB,Dennis Gardeck,74
Cardinals,LOLB,Isaiah Irving,65
Cardinals,MLB,Jordan Hicks,76
Cardinals,MLB,De'Vondre Campbell,74
Cardinals,MLB,Tanner Vallejo,66
Cardinals,MLB,Evan Weaver,61
Cardinals,MLB,Ezekiel Turner,54
Cardinals,ROLB,Markus Golden,79
Cardinals,ROLB,Devon Kennard,75
Cardinals,ROLB,Kylie Fitts,67
Cardinals,ROLB,Terrance Smith,65
Cardinals,FS,Jalen Thompson,76
Cardinals,FS,Chris Banjo,69
Cardinals,FS,Charles Washington,64
Cardinals,FS,Chris Miller,61
Cardinals,SS,Budda Baker,91
Cardinals,SS,Isaiah Simmons,79
Cardinals,SS,Deionte Thompson,70
Cardinals,CB1,Byron Murphy Jr.,82
Cardinals,CB2,Patrick Peterson,81
Cardinals,K,Zane Gonzalez,74
Cardinals,K,Brett Maher,67
Cardinals,P,Andy Lee,74
Falcons,QB,Matt Ryan,85
Falcons,QB,Matt Schaub,59
Falcons,QB,Kurt Benkert,55
Falcons,HB,Todd Gurley II,78
Falcons,HB,Brian Hill,71
Falcons,HB,Ito Smith,69
Falcons,HB,Qadree Ollison,64
Falcons,HB,Tony Brooks-James,63
Falcons,FB,Keith Smith,62
Falcons,WR1,Julio Jones,95
Falcons,WR2,Calvin Ridley,88
Falcons,WR3,Russell Gage Jr.,74
Falcons,TE,Hayden Hurst,79
Falcons,TE,Luke Stocker,65
Falcons,TE,Jaeden Graham,61
Falcons,TE,Josh Harris,43
Falcons,LT,Jake Matthews,81
Falcons,LT,John Wetzel,59
Falcons,LT,Matt Gono,57
Falcons,LT,Willie Beavers,55
Falcons,LG,James Carpenter,68
Falcons,LG,Matt Hennessy,68
Falcons,C,Alex Mack,87
Falcons,C,Justin McCray,65
Falcons,C,Willie Wright,54
Falcons,RG,Chris Lindstrom,79
Falcons,RT,Kaleb McGary,71
Falcons,DT,Grady Jarrett,90
Falcons,DT,Deadrin Senat,70
Falcons,DT,John Cominsky,70
Falcons,DT,Tyeler Davison,70
Falcons,LE,Allen Bailey,71
Falcons,LE,Jacob Tuioti-Mariner,68
Falcons,LE,Marlon Davidson,68
Falcons,LE,Chris Slayton,60
Falcons,RE,Dante Fowler Jr.,74
Falcons,RE,Steven Means,69
Falcons,RE,Charles Harris,68
Falcons,LOLB,Mykal Walker,69
Falcons,LOLB,Edmond Robinson,62
Falcons,MLB,Deion Jones,86
Falcons,ROLB,Foyesade Oluokun,81
Falcons,ROLB,LaRoy Reynolds,66
Falcons,FS,Damontae Kazee,77
Falcons,FS,Jaylinn Hawkins,65
Falcons,SS,Keanu Neal,80
Falcons,SS,Ricardo Allen,79
Falcons,SS,Sharrod Neasman,65
Falcons,CB1,Darqueze Dennard,78
Falcons,CB2,A.J. Terrell Jr.,77
Falcons,K,Younghoe Koo,81
Falcons,K,Elliott Fry,64
Falcons,P,Sterling Hofrichter,71
Ravens,QB,Lamar Jackson,91
Ravens,QB,Tyler Huntley,58
Ravens,QB,Trace McSorley,55
Ravens,HB,Gus Edwards,79
Ravens,HB,J.K. Dobbins,79
Ravens,HB,Mark Ingram II,78
Ravens,HB,Justice Hill,71
Ravens,FB,Patrick Ricard,81
Ravens,WR1,Marquise Brown,80
Ravens,WR2,Willie Snead IV,78
Ravens,WR3,Dez Bryant,76
Ravens,TE,Mark Andrews,88
Ravens,TE,Nick Boyle,78
Ravens,TE,Eric Tomlinson,65
Ravens,TE,Jacob Breeland,61
Ravens,TE,Nick Moore,36
Ravens,TE,Morgan Cox,29
Ravens,LT,Ronnie Stanley,93
Ravens,LG,Bradley Bozeman,72
Ravens,LG,Ben Bredeson,64
Ravens,C,Matt Skura,72
Ravens,C,Patrick Mekari,70
Ravens,C,Greg Mancz,60
Ravens,C,Trystan Colon-Castillo,56
Ravens,RG,Ben Powers,69
Ravens,RG,Tyre Phillips,67
Ravens,RT,Orlando Brown Jr.,82
Ravens,RT,D.J. Fluker,74
Ravens,RT,Andre Smith,64
Ravens,DT,Brandon Williams,85
Ravens,DT,Justin Ellis,69
Ravens,LE,Derek Wolfe,80
Ravens,LE,Jihad Ward,69
Ravens,RE,Calais Campbell,92
Ravens,RE,Justin Madubuike,73
Ravens,RE,Broderick Washington Jr.,63
Ravens,LOLB,Matthew Judon,82
Ravens,LOLB,Tyus Bowser,75
Ravens,LOLB,Chauncey Rivers,60
Ravens,MLB,L.J. Fort,76
Ravens,MLB,Patrick Queen,74
Ravens,MLB,Malik Harrison,71
Ravens,MLB,Chris Board,65
Ravens,MLB,Kristian Welch,62
Ravens,MLB,Otaro Alaka,62
Ravens,ROLB,Pernell McPhee,79
Ravens,ROLB,Yannick Ngakoue,77
Ravens,ROLB,Jaylon Ferguson,72
Ravens,FS,DeShon Elliott,80
Ravens,SS,Chuck Clark,78
Ravens,SS,Anthony Levine Sr.,74
Ravens,SS,Jordan Richards,68
Ravens,SS,Nigel Warrior,61
Ravens,CB1,Marlon Humphrey,91
Ravens,CB2,Marcus Peters,88
Ravens,K,Justin Tucker,87
Ravens,P,Sam Koch,84
Ravens,P,Johnny Townsend,67
Bills,QB,Josh Allen,88
Bills,QB,Matt Barkley,64
Bills,QB,Jake Fromm,62
Bills,QB,Davis Webb,52
Bills,HB,Devin Singletary,80
Bills,HB,Zack Moss,74
Bills,HB,T.J. Yeldon,72
Bills,HB,Taiwan Jones,71
Bills,HB,Antonio Williams,68
Bills,HB,Christian Wade,67
Bills,FB,Reggie Gilliam,68
Bills,WR1,Stefon Diggs,97
Bills,WR2,Cole Beasley,87
Bills,WR3,John Brown,82
Bills,TE,Dawson Knox,75
Bills,TE,Lee Smith,72
Bills,TE,Tyler Kroft,71
Bills,TE,Tommy Sweeney,63
Bills,TE,Reid Ferguson,35
Bills,LT,Dion Dawkins,81
Bills,LT,Ryan Bates,57
Bills,LG,Cody Ford,72
Bills,LG,Ike Boettger,67
Bills,C,Mitch Morse,80
Bills,C,Jordan Devey,61
Bills,RG,Brian Winters,75
Bills,RG,Jon Feliciano,75
Bills,RT,Daryl Williams,76
Bills,RT,Ty Nsekhe,71
Bills,DT,Ed Oliver,80
Bills,DT,Vernon Butler Jr.,73
Bills,DT,Harrison Phillips,72
Bills,DT,Quinton Jefferson,72
Bills,DT,Star Lotulelei,72
Bills,DT,Justin Zimmer,71
Bills,DT,Brandin Bryant,63
Bills,LE,Trent Murphy,76
Bills,LE,A.J. Epenesa,72
Bills,LE,Darryl Johnson Jr.,64
Bills,RE,Jerry Hughes,83
Bills,RE,Mario Addison,77
Bills,RE,Bryan Cox Jr.,65
Bills,RE,Mike Love,64
Bills,LOLB,A.J. Klein,72
Bills,LOLB,Andre Smith,66
Bills,MLB,Tremaine Edmunds,81
Bills,MLB,Tyler Matakevich,65
Bills,ROLB,Matt Milano,80
Bills,ROLB,Tyrel Dodson,66
Bills,FS,Micah Hyde,88
Bills,FS,Jaquan Johnson,67
Bills,SS,Jordan Poyer,87
Bills,SS,Dean Marlowe,69
Bills,CB1,Tre'Davious White,92
Bills,CB2,Taron Johnson,79
Bills,K,Tyler Bass,76
Bills,P,Corey Bojorquez,78
Panthers,QB,Teddy Bridgewater,78
Panthers,QB,P.J. Walker,62
Panthers,QB,Will Grier,58
Panthers,HB,Christian McCaffrey,98
Panthers,HB,Mike Davis,81
Panthers,HB,Trenton Cannon,68
Panthers,HB,Reggie Bonnafon,64
Panthers,HB,Rodney Smith,64
Panthers,FB,Alex Armah Jr.,69
Panthers,WR1,Robby Anderson,87
Panthers,WR2,D.J. Moore,84
Panthers,WR3,Curtis Samuel,83
Panthers,TE,Chris Manhertz,69
Panthers,TE,Ian Thomas,69
Panthers,TE,Stephen Sullivan,63
Panthers,TE,Colin Thompson,59
Panthers,TE,J.J. Jansen,37
Panthers,LT,Russell Okung,76
Panthers,LT,Greg Little,68
Panthers,LG,Dennis Daley,66
Panthers,LG,Chris Reed,65
Panthers,C,Matt Paradis,78
Panthers,C,Tyler Larsen,64
Panthers,C,Sam Tecklenburg,54
Panthers,RG,Michael Schofield III,68
Panthers,RG,John Miller,65
Panthers,RT,Taylor Moton,85
Panthers,RT,Trent Scott,56
Panthers,DT,Derrick Brown,79
Panthers,DT,Kawann Short,78
Panthers,DT,Zach Kerr,75
Panthers,DT,Bravvion Roy,65
Panthers,DT,Woodrow Hamilton,63
Panthers,LE,Brian Burns,87
Panthers,LE,Austin Larkin,66
Panthers,LE,Christian Miller,65
Panthers,RE,Yetur Gross-Matos,75
Panthers,RE,Efe Obada,72
Panthers,RE,Marquis Haynes Sr.,70
Panthers,RE,Stephen Weatherly,70
Panthers,LOLB,Shaq Thompson,78
Panthers,LOLB,Julian Stanford,66
Panthers,MLB,Jermaine Carter Jr.,70
Panthers,MLB,Tahir Whitehead,68
Panthers,MLB,Clay Johnston,58
Panthers,MLB,Chris Orr,57
Panthers,MLB,Daniel Bituli,56
Panthers,ROLB,Adarius Taylor,66
Panthers,FS,Jeremy Chinn,80
Panthers,FS,Tre Boston,77
Panthers,FS,Kenny Robinson Jr.,66
Panthers,FS,Sean Chandler,64
Panthers,SS,Juston Burris,66
Panthers,SS,Sam Franklin,66
Panthers,SS,Myles Hartsfield,65
Panthers,SS,Natrell Jamerson,64
Panthers,CB1,Donte Jackson,82
Panthers,CB2,Rasul Douglas,76
Panthers,K,Joey Slye,74
Panthers,P,Michael Palardy,77
Panthers,P,Joseph Charlton,72
Bears,QB,Nick Foles,71
Bears,QB,Mitchell Trubisky,70
Bears,HB,David Montgomery,82
Bears,HB,Cordarrelle Patterson,77
Bears,HB,Tarik Cohen,76
Bears,HB,Artavis Pierce,62
Bears,HB,Ryan Nall,61
Bears,WR1,Allen Robinson II,90
Bears,WR2,Anthony Miller,75
Bears,WR3,Darnell Mooney,75
Bears,TE,Jimmy Graham,78
Bears,TE,Cole Kmet,72
Bears,TE,Demetrius Harris,69
Bears,TE,J.P. Holtz,63
Bears,TE,Jesper Horsted,62
Bears,TE,Patrick Scales,30
Bears,LT,Charles Leno Jr.,79
Bears,LT,Jason Spriggs,59
Bears,LT,Arlington Hambright,58
Bears,LG,James Daniels,78
Bears,C,Cody Whitehair,80
Bears,C,Sam Mustipher,64
Bears,RG,Alex Bars,62
Bears,RG,Lachavious Simmons,58
Bears,RT,Bobby Massie,73
Bears,RT,Germain Ifedi,69
Bears,RT,Rashaad Coward,59
Bears,DT,Eddie Goldman,82
Bears,DT,Bilal Nichols,79
Bears,DT,Dan McCullers,64
Bears,LE,Akiem Hicks,88
Bears,LE,John Jenkins,68
Bears,RE,Brent Urban,75
Bears,RE,Roy Robertson-Harris,73
Bears,RE,Mario Edwards Jr.,72
Bears,LOLB,Khalil Mack,97
Bears,LOLB,James Vaughters,67
Bears,LOLB,Trevis Gipson,65
Bears,MLB,Roquan Smith,87
Bears,MLB,Danny Trevathan,78
Bears,MLB,Joel Iyiegbuniwe,65
Bears,MLB,Josh Woods,56
Bears,ROLB,Robert Quinn,76
Bears,ROLB,Barkevious Mingo,72
Bears,FS,Eddie Jackson,89
Bears,FS,Jordan Lucas,69
Bears,FS,Sherrick McManis,68
Bears,FS,DeAndre Houston-Carson,64
Bears,SS,Tashaun Gipson Sr.,78
Bears,SS,Marqui Christian,67
Bears,SS,Deon Bush,65
Bears,CB1,Kyle Fuller,89
Bears,CB2,Jaylon Johnson,77
Bears,K,Cairo Santos,77
Bears,K,Eddy Pineiro,72
Bears,P,Pat O'Donnell,72
Bengals,QB,Joe Burrow,77
Bengals,QB,Ryan Finley,57
Bengals,QB,Brandon Allen,55
Bengals,QB,Kyle Shurmur,50
Bengals,HB,Joe Mixon,88
Bengals,HB,Giovani Bernard,78
Bengals,HB,Samaje Perine,70
Bengals,HB,Trayveon Williams,66
Bengals,FB,Cethan Carter,69
Bengals,WR1,Tyler Boyd,85
Bengals,WR2,A.J. Green,81
Bengals,WR3,Tee Higgins,78
Bengals,TE,C.J. Uzomah,73
Bengals,TE,Drew Sample,70
Bengals,TE,Mason Schreck,60
Bengals,TE,Clark Harris,44
Bengals,TE,Dan Godsil,25
Bengals,LT,Jonah Williams,75
Bengals,LT,Hakeem Adeniji,62
Bengals,LT,Fred Johnson,57
Bengals,LG,Xavier Su'a-Filo,69
Bengals,LG,Michael Jordan,61
Bengals,C,Trey Hopkins,72
Bengals,C,B.J. Finney,66
Bengals,C,Keaton Sutherland,55
Bengals,RG,Quinton Spain,73
Bengals,RG,Billy Price,68
Bengals,RG,Alex Redmond,65
Bengals,RT,Bobby Hart,65
Bengals,RT,Isaiah Prince,60
Bengals,DT,D.J. Reader,83
Bengals,DT,Geno Atkins,78
Bengals,DT,Mike Daniels,72
Bengals,DT,Christian Covington,69
Bengals,DT,Xavier Williams,69
Bengals,DT,Renell Wren,68
Bengals,DT,Josh Tupou,64
Bengals,DT,Freedom Akinmoladun,60
Bengals,DT,Khalil McKenzie,58
Bengals,LE,Sam Hubbard,75
Bengals,LE,Khalid Kareem,67
Bengals,LE,Amani Bledsoe,64
Bengals,RE,Carl Lawson,81
Bengals,RE,Margus Hunt,69
Bengals,LOLB,Josh Bynes,76
Bengals,LOLB,Jordan Evans,67
Bengals,MLB,Logan Wilson,74
Bengals,MLB,Germaine Pratt,71
Bengals,MLB,Markus Bailey,63
Bengals,ROLB,Akeem Davis-Gaither,72
Bengals,FS,Jessie Bates III,89
Bengals,FS,Brandon Wilson,62
Bengals,SS,Vonn Bell,79
Bengals,SS,Shawn Williams,73
Bengals,SS,Trayvon Henderson,63
Bengals,CB1,William Jackson III,84
Bengals,CB2,Mackensie Alexander,79
Bengals,K,Randy Bullock,71
Bengals,K,Austin Seibert,69
Bengals,P,Kevin Huber,71
Browns,QB,Baker Mayfield,84
Browns,QB,Case Keenum,66
Browns,QB,Kyle Lauletta,56
Browns,HB,Nick Chubb,96
Browns,HB,Kareem Hunt,87
Browns,HB,D'Ernest Johnson,68
Browns,HB,John Kelly,65
Browns,FB,Andy Janovich,78
Browns,WR1,Odell Beckham Jr.,90
Browns,WR2,Jarvis Landry,84
Browns,WR3,Rashard Higgins,76
Browns,TE,Austin Hooper,87
Browns,TE,David Njoku,79
Browns,TE,Harrison Bryant,70
Browns,TE,Stephen Carlson,61
Browns,TE,Jordan Franks,60
Browns,TE,Charley Hughlett,55
Browns,LT,Jedrick Wills Jr.,80
Browns,LT,Kendall Lamm,68
Browns,LG,Joel Bitonio,88
Browns,LG,Michael Dunn,63
Browns,LG,Blake Hance,60
Browns,C,J.C. Tretter,85
Browns,C,Nick Harris,66
Browns,C,Javon Patterson,56
Browns,RG,Wyatt Teller,89
Browns,RG,Colby Gossett,64
Browns,RG,Drew Forbes,64
Browns,RG,Anthony Fabiano,59
Browns,RT,Jack Conklin,79
Browns,RT,Chris Hubbard,67
Browns,RT,Alex Taylor,51
Browns,DT,Sheldon Richardson,82
Browns,DT,Larry Ogunjobi,77
Browns,DT,Andrew Billings,75
Browns,DT,Jordan Elliott,68
Browns,DT,Vincent Taylor,67
Browns,LE,Olivier Vernon,84
Browns,LE,Porter Gustin,70
Browns,LE,Curtis Weaver,65
Browns,LE,Cameron Malveaux,64
Browns,LE,Joe Jackson,64
Browns,RE,Myles Garrett,98
Browns,RE,Adrian Clayborn,76
Browns,LOLB,Malcolm Smith,71
Browns,LOLB,Sione Takitaki,71
Browns,MLB,B.J. Goodson,74
Browns,MLB,Tae Davis,64
Browns,ROLB,Jacob Phillips,70
Browns,ROLB,Mack Wilson,69
Browns,ROLB,Montrel Meander,58
Browns,FS,Grant Delpit,72
Browns,FS,Andrew Sendejo,71
Browns,FS,Sheldrick Redwine,70
Browns,SS,Ronnie Harrison Jr.,79
Browns,SS,Karl Joseph,77
Browns,SS,Jovante Moffatt,63
Browns,CB1,Denzel Ward,89
Browns,CB2,Greedy Williams,75
Browns,K,Cody Parkey,72
Browns,K,Matthew McCrane,66
Browns,P,Jamie Gillan,77
Cowboys,QB,Dak Prescott,87
Cowboys,QB,Andy Dalton,72
Cowboys,QB,Ben DiNucci,56
Cowboys,QB,Garrett Gilbert,55
Cowboys,QB,Clayton Thorson,50
Cowboys,HB,Ezekiel Elliott,88
Cowboys,HB,Tony Pollard,76
Cowboys,HB,Rico Dowdle,65
Cowboys,HB,Sewo Olonilua,64
Cowboys,FB,Jamize Olawale,68
Cowboys,WR1,Amari Cooper,92
Cowboys,WR2,Michael Gallup,82
Cowboys,WR3,CeeDee Lamb,79
Cowboys,TE,Dalton Schultz,74
Cowboys,TE,Blake Jarwin,73
Cowboys,TE,Blake Bell,64
Cowboys,TE,Cole Hikutini,62
Cowboys,TE,Sean McKeon,61
Cowboys,TE,L.P. LaDouceur,37
Cowboys,LT,Tyron Smith,91
Cowboys,LT,Cameron Erving,69
Cowboys,LT,Brandon Knight,62
Cowboys,LT,Greg Senat,57
Cowboys,LT,Mitch Hyatt,56
Cowboys,LT,Eric Smith,53
Cowboys,LG,Connor Williams,72
Cowboys,LG,Adam Redmond,59
Cowboys,C,Joe Looney,67
Cowboys,C,Tyler Biadasz,66
Cowboys,RG,Zack Martin,98
Cowboys,RG,Connor McGovern,65
Cowboys,RT,La'el Collins,87
Cowboys,RT,Terence Steele,55
Cowboys,RT,William Sweet,55
Cowboys,DT,Antwaun Woods,73
Cowboys,DT,Tyrone Crawford,72
Cowboys,DT,Neville Gallimore,71
Cowboys,DT,Trysten Hill,70
Cowboys,DT,Justin Hamilton,63
Cowboys,DT,Eli Ankou,62
Cowboys,LE,DeMarcus Lawrence,87
Cowboys,LE,Dorance Armstrong,69
Cowboys,LE,Bradlee Anae,65
Cowboys,RE,Aldon Smith,77
Cowboys,RE,Randy Gregory,77
Cowboys,RE,Ron'Dell Carter,64
Cowboys,LOLB,Sean Lee,73
Cowboys,LOLB,Justin March,69
Cowboys,MLB,Leighton Vander Esch,78
Cowboys,MLB,Francis Bernard,61
Cowboys,MLB,Luke Gifford,60
Cowboys,ROLB,Jaylon Smith,77
Cowboys,ROLB,Joe Thomas,71
Cowboys,FS,Donovan Wilson,75
Cowboys,FS,Darian Thompson,68
Cowboys,FS,Steven Parker,67
Cowboys,SS,Xavier Woods,75
Cowboys,SS,Reggie Robinson,64
Cowboys,CB1,Chidobe Awuzie,78
Cowboys,CB2,Anthony Brown,77
Cowboys,K,Greg Zuerlein,79
Cowboys,P,Chris Jones,78
Cowboys,P,Hunter Niswander,73
Broncos,QB,Drew Lock,70
Broncos,QB,Jeff Driskel,61
Broncos,QB,Brett Rypien,58
Broncos,HB,Melvin Gordon III,85
Broncos,HB,Phillip Lindsay,83
Broncos,HB,Royce Freeman,72
Broncos,HB,Levante Bellamy,64
Broncos,HB,Damarea Crockett,59
Broncos,FB,Andrew Beck,68
Broncos,WR1,Courtland Sutton,82
Broncos,WR2,Jerry Jeudy,78
Broncos,WR3,Tim Patrick,78
Broncos,TE,Noah Fant,82
Broncos,TE,Albert Okwuegbunam,69
Broncos,TE,Nick Vannett,68
Broncos,TE,Jake Butt,67
Broncos,TE,Troy Fumagalli,66
Broncos,TE,Austin Fort,58
Broncos,TE,Jacob Bobenmoyer,29
Broncos,LT,Garett Bolles,84
Broncos,LT,Calvin Anderson,55
Broncos,LG,Dalton Risner,77
Broncos,C,Lloyd Cushenberry III,69
Broncos,C,Patrick Morris,60
Broncos,C,Austin Schlottmann,58
Broncos,RG,Graham Glasgow,77
Broncos,RG,Netane Muti,71
Broncos,RT,Ja'Wuan James,77
Broncos,RT,Demar Dotson,73
Broncos,RT,Elijah Wilkinson,69
Broncos,DT,Mike Purcell,70
Broncos,DT,Sylvester Williams,67
Broncos,DT,Kyle Peko,59
Broncos,LE,Jurrell Casey,82
Broncos,LE,Dre'Mont Jones,74
Broncos,LE,McTelvin Agim,67
Broncos,LE,Jonathan Harris,61
Broncos,RE,Shelby Harris,80
Broncos,RE,DeMarcus Walker,69
Broncos,RE,DeShawn Williams,68
Broncos,LOLB,Von Miller,96
Broncos,LOLB,Malik Reed,74
Broncos,LOLB,Anthony Chickillo,67
Broncos,LOLB,Natrez Patrick,59
Broncos,LOLB,Derrek Tuszka,58
Broncos,MLB,Alexander Johnson,79
Broncos,MLB,Josey Jewell,74
Broncos,MLB,Austin Calitro,67
Broncos,MLB,Justin Strnad,64
Broncos,MLB,Joe Jones,62
Broncos,MLB,Josh Watson,60
Broncos,ROLB,Bradley Chubb,84
Broncos,ROLB,Jeremiah Attaochu,69
Broncos,FS,Justin Simmons,90
Broncos,FS,P.J. Locke,63
Broncos,FS,Trey Marshall,63
Broncos,FS,Alijah Holder,58
Broncos,SS,Kareem Jackson,87
Broncos,SS,Will Parks,75
Broncos,SS,Duke Dawson Jr.,68
Broncos,CB1,A.J. Bouye,85
Broncos,CB2,Bryce Callahan,85
Broncos,K,Brandon McManus,78
Broncos,P,Sam Martin,75
Lions,QB,Matthew Stafford,81
Lions,QB,Chase Daniel,63
Lions,QB,David Blough,56
Lions,HB,Adrian Peterson,78
Lions,HB,D'Andre Swift,77
Lions,HB,Kerryon Johnson,76
Lions,FB,Nick Bawden,66
Lions,FB,Jason Cabinda,64
Lions,WR1,Kenny Golladay,85
Lions,WR2,Marvin Jones Jr.,83
Lions,WR3,Danny Amendola,79
Lions,TE,T.J. Hockenson,84
Lions,TE,Jesse James,71
Lions,TE,Hunter Bryant,65
Lions,TE,Alize Mack,57
Lions,TE,Don Muhlbach,47
Lions,LT,Taylor Decker,78
Lions,LT,Matt Nelson,55
Lions,LG,Jonah Jackson,71
Lions,LG,Logan Stenberg,62
Lions,C,Frank Ragnow,86
Lions,C,Russell Bodine,65
Lions,RG,Joe Dahl,69
Lions,RG,Oday Aboushi,63
Lions,RG,Evan Brown,54
Lions,RT,Tyrell Crosby,74
Lions,RT,Halapoulivaati Vaitai,67
Lions,RT,Dan Skipper,54
Lions,DT,Danny Shelton,78
Lions,DT,Da'Shawn Hand,76
Lions,DT,John Penisini,67
Lions,DT,Kevin Strong,62
Lions,DT,Jashon Cornell,60
Lions,DT,John Atkins,58
Lions,LE,Romeo Okwara,79
Lions,LE,Austin Bryant,67
Lions,LE,Nick Williams,67
Lions,RE,Trey Flowers,83
Lions,RE,Everson Griffen,79
Lions,RE,Julian Okwara,68
Lions,LOLB,Jamie Collins,81
Lions,LOLB,Shaun Dion Hamilton,72
Lions,LOLB,Reggie Ragland,68
Lions,MLB,Jahlani Tavai,72
Lions,MLB,Jarrad Davis,70
Lions,ROLB,Christian Jones,71
Lions,ROLB,Jalen Reeves-Maybin,68
Lions,ROLB,Miles Killebrew,64
Lions,FS,Duron Harmon,80
Lions,FS,C.J. Moore,62
Lions,SS,Tracy Walker,74
Lions,SS,Will Harris,69
Lions,SS,Godwin Igwebuike,61
Lions,CB1,Desmond Trufant,80
Lions,CB2,Justin Coleman,79
Lions,K,Matt Prater,80
Lions,K,Matthew Wright,69
Lions,P,Jack Fox,80
Packers,QB,Aaron Rodgers,95
Packers,QB,Jordan Love,68
Packers,QB,Tim Boyle,57
Packers,HB,Aaron Jones,90
Packers,HB,Jamaal Williams,78
Packers,HB,A.J. Dillon,74
Packers,HB,Dexter Williams,65
Packers,HB,Tyler Ervin,65
Packers,HB,Mike Weber,63
Packers,WR1,Davante Adams,99
Packers,WR2,Devin Funchess,78
Packers,WR3,Marquez Valdes-Scantling,76
Packers,TE,Robert Tonyan,80
Packers,TE,Marcedes Lewis,76
Packers,TE,Jace Sternberger,68
Packers,TE,Josiah Deguara,67
Packers,TE,Isaac Nauta,62
Packers,TE,Dominique Dafney,61
Packers,TE,John Lovett,61
Packers,TE,Bronson Kaufusi,53
Packers,TE,Hunter Bradley,28
Packers,LT,David Bakhtiari,96
Packers,LT,Jared Veldheer,68
Packers,LT,Yosuah Nijman,56
Packers,LG,Elgton Jenkins,86
Packers,LG,Simon Stepaniak,59
Packers,C,Corey Linsley,88
Packers,C,Jake Hanson,59
Packers,RG,Lane Taylor,70
Packers,RG,Lucas Patrick,68
Packers,RG,Jon Runyan,64
Packers,RT,Rick Wagner,71
Packers,RT,Billy Turner,70
Packers,DT,Kenny Clark,89
Packers,DT,Damon Harrison Sr.,80
Packers,LE,Dean Lowry,74
Packers,LE,Montravius Adams,67
Packers,LE,Anthony Rush,61
Packers,RE,Kingsley Keke,74
Packers,RE,Tyler Lancaster,68
Packers,LOLB,Za'Darius Smith,89
Packers,LOLB,Rashan Gary,80
Packers,LOLB,Tipa Galeai,61
Packers,MLB,Krys Barnes,74
Packers,MLB,Christian Kirksey,72
Packers,MLB,Kamal Martin,65
Packers,MLB,Ty Summers,65
Packers,MLB,James Burgess Jr.,64
Packers,MLB,Oren Burks,64
Packers,ROLB,Preston Smith,80
Packers,ROLB,Jonathan Garvin,61
Packers,ROLB,Randy Ramsey,61
Packers,FS,Darnell Savage,80
Packers,FS,Will Redmond,65
Packers,FS,Vernon Scott,61
Packers,SS,Adrian Amos,88
Packers,SS,Raven Greene,65
Packers,SS,Henry Black,63
Packers,CB1,Jaire Alexander,94
Packers,CB2,Chandon Sullivan,74
Packers,K,Mason Crosby,78
Packers,P,JK Scott,82
Packers,P,Ryan Winslow,66
Texans,QB,Deshaun Watson,90
Texans,QB,Josh McCown,64
Texans,QB,A.J. McCarron,60
Texans,HB,David Johnson,77
Texans,HB,Duke Johnson,75
Texans,HB,Dontrell Hilliard,65
Texans,HB,Buddy Howell,60
Texans,HB,Scottie Phillips,60
Texans,FB,Cullen Gillaspia,66
Texans,WR1,Brandin Cooks,86
Texans,WR2,Will Fuller V,85
Texans,WR3,Randall Cobb,78
Texans,TE,Darren Fells,76
Texans,TE,Jordan Akins,74
Texans,TE,Pharaoh Brown,66
Texans,TE,Kahale Warring,65
Texans,TE,Jon Weeks,28
Texans,LT,Laremy Tunsil,89
Texans,LT,Roderick Johnson,61
Texans,LT,Charlie Heck,60
Texans,LG,Max Scharping,67
Texans,LG,Senio Kelemete,66
Texans,C,Nick Martin,70
Texans,C,Beau Benzschawel,58
Texans,C,Cohl Cabral,56
Texans,RG,Zach Fulton,68
Texans,RG,Hjalte Froholdt,62
Texans,RT,Tytus Howard,70
Texans,RT,Brent Qvale,61
Texans,DT,Brandon Dunn,69
Texans,DT,Eddie Vanderdoes,62
Texans,LE,J.J. Watt,95
Texans,LE,Charles Omenihu,71
Texans,RE,P.J. Hall,71
Texans,RE,Ross Blacklock,70
Texans,RE,Carlos Watkins,66
Texans,RE,Andrew Brown,65
Texans,LOLB,Brennan Scarlett,70
Texans,LOLB,Jonathan Greenard,66
Texans,MLB,Benardrick McKinney,82
Texans,MLB,Zach Cunningham,76
Texans,MLB,Tyrell Adams,67
Texans,MLB,Dylan Cole,65
Texans,MLB,Kyle Emanuel,63
Texans,MLB,Curtis Bolton,61
Texans,MLB,Nate Hall,61
Texans,MLB,Peter Kalambayi,59
Texans,ROLB,Whitney Mercilus,75
Texans,ROLB,Duke Ejiofor,70
Texans,ROLB,Jacob Martin,69
Texans,FS,Justin Reid,83
Texans,FS,Geno Stone,68
Texans,FS,A.J. Moore Jr.,64
Texans,SS,Lonnie Johnson Jr.,72
Texans,SS,Eric Murray,71
Texans,SS,Michael Thomas,71
Texans,SS,Jonathan Owens,62
Texans,CB1,Bradley Roby,85
Texans,CB2,Gareon Conley,78
Texans,K,Ka'imi Fairbairn,72
Texans,P,Bryan Anger,75
Colts,QB,Philip Rivers,84
Colts,QB,Jacoby Brissett,67
Colts,QB,Jacob Eason,63
Colts,HB,Marlon Mack,85
Colts,HB,Jonathan Taylor,81
Colts,HB,Nyheim Hines,80
Colts,HB,Jordan Wilkins,72
Colts,HB,Jet Anderson,64
Colts,HB,Benny LeMay,63
Colts,HB,Paul Perkins,62
Colts,WR1,T.Y. Hilton,83
Colts,WR2,Zach Pascal,75
Colts,WR3,Michael Pittman Jr.,73
Colts,TE,Trey Burton,79
Colts,TE,Jack Doyle,78
Colts,TE,Mo Alie-Cox,75
Colts,TE,Jordan Thomas,65
Colts,TE,Noah Togiai,60
Colts,TE,Luke Rhodes,28
Colts,LT,Anthony Castonzo,80
Colts,LT,Will Holden,60
Colts,LG,Quenton Nelson,95
Colts,LG,Jake Eldrenkamp,55
Colts,C,Ryan Kelly,86
Colts,C,Joey Hunt,61
Colts,C,Sam Jones,55
Colts,RG,Mark Glowinski,77
Colts,RG,Danny Pinter,61
Colts,RT,Braden Smith,84
Colts,RT,Elijah Nkansah,58
Colts,RT,Le'Raven Clark,56
Colts,RT,Chaz Green,53
Colts,DT,DeForest Buckner,91
Colts,DT,Grover Stewart,83
Colts,DT,Tyquan Lewis,70
Colts,DT,Taylor Stallworth,66
Colts,DT,Robert Windsor,63
Colts,LE,Denico Autry,77
Colts,LE,Ben Banogu,70
Colts,RE,Justin Houston,81
Colts,RE,Kemoko Turay,73
Colts,RE,Al-Quadin Muhammad,71
Colts,LOLB,Darius Leonard,89
Colts,LOLB,Matthew Adams,67
Colts,LOLB,Jordan Glasgow,62
Colts,MLB,Anthony Walker Jr.,75
Colts,MLB,Skai Moore,62
Colts,MLB,Zaire Franklin,61
Colts,ROLB,Bobby Okereke,78
Colts,ROLB,E.J. Speed,63
Colts,FS,Malik Hooker,81
Colts,FS,Julian Blackmon,79
Colts,FS,George Odum,69
Colts,FS,Ibraheim Campbell,69
Colts,SS,Khari Willis,77
Colts,SS,Tavon Wilson,75
Colts,SS,Roderic Teamer Jr.,68
Colts,SS,Rolan Milligan,59
Colts,CB1,Kenny Moore II,84
Colts,CB2,Xavier Rhodes,81
Colts,K,Rodrigo Blankenship,75
Colts,P,Rigoberto Sanchez,74
Jaguars,QB,Gardner Minshew II,69
Jaguars,QB,Jake Luton,60
Jaguars,QB,Mike Glennon,59
Jaguars,HB,James Robinson,84
Jaguars,HB,Chris Thompson,72
Jaguars,HB,Dare Ogunbowale,68
Jaguars,HB,Ryquell Armstead,66
Jaguars,HB,Devine Ozigbo,63
Jaguars,HB,Nathan Cottrell,62
Jaguars,WR1,D.J. Chark Jr.,81
Jaguars,WR2,Keelan Cole Sr.,77
Jaguars,WR3,Dede Westbrook,76
Jaguars,TE,Tyler Eifert,76
Jaguars,TE,James O'Shaughnessy,70
Jaguars,TE,Josh Oliver,66
Jaguars,TE,Eric Saubert,64
Jaguars,TE,Ben Ellefson,61
Jaguars,TE,Tyler Davis,61
Jaguars,TE,Ross Matiscik,26
Jaguars,LT,Cam Robinson,75
Jaguars,LT,Derwin Gray,57
Jaguars,LG,Andrew Norwell,82
Jaguars,LG,Tyler Shatley,67
Jaguars,LG,Ben Bartch,65
Jaguars,C,Brandon Linder,84
Jaguars,RG,A.J. Cann,76
Jaguars,RG,KC McDermott,54
Jaguars,RT,Jawaan Taylor,72
Jaguars,RT,Will Richardson Jr.,62
Jaguars,DT,Al Woods,75
Jaguars,DT,Davon Hamilton,73
Jaguars,DT,Doug Costin,72
Jaguars,DT,Abry Jones,71
Jaguars,DT,Taven Bryan,71
Jaguars,DT,Caraun Reid,65
Jaguars,DT,Daniel Ross,65
Jaguars,DT,Dontavius Russell,64
Jaguars,DT,Daniel Ekuale,62
Jaguars,LE,Josh Allen,81
Jaguars,LE,Adam Gostis,73
Jaguars,LE,Aaron Lynch,71
Jaguars,LE,Lerentee McCray,66
Jaguars,RE,Dawuane Smoot,73
Jaguars,RE,K'Lavon Chaisson,72
Jaguars,LOLB,Leon Jacobs,69
Jaguars,LOLB,Quincy Williams,68
Jaguars,LOLB,Joe Giles-Harris,66
Jaguars,MLB,Joe Schobert,77
Jaguars,MLB,Shaquille Quarterman,64
Jaguars,MLB,Chapelle Russell,59
Jaguars,ROLB,Myles Jack,86
Jaguars,ROLB,Dakota Allen,65
Jaguars,FS,Jarrod Wilson,74
Jaguars,FS,Andrew Wingard,69
Jaguars,FS,Brandon Watson,61
Jaguars,SS,Josh Jones,69
Jaguars,SS,Daniel Thomas,66
Jaguars,SS,Doug Middleton,64
Jaguars,CB1,Sidney Jones IV,78
Jaguars,CB2,C.J. Henderson,77
Jaguars,K,Josh Lambo,83
Jaguars,K,Aldrick Rosas,73
Jaguars,P,Logan Cooke,71
Chiefs,QB,Patrick Mahomes,99
Chiefs,QB,Chad Henne,60
Chiefs,QB,Jordan Ta'Amu,58
Chiefs,QB,Anthony Gordon,55
Chiefs,HB,Clyde Edwards-Helaire,84
Chiefs,HB,Damien Williams,81
Chiefs,HB,Le'Veon Bell,80
Chiefs,HB,Darrel Williams,71
Chiefs,HB,Darwin Thompson,67
Chiefs,FB,Anthony Sherman,77
Chiefs,WR1,Tyreek Hill,98
Chiefs,WR2,Sammy Watkins,81
Chiefs,WR3,Mecole Hardman,78
Chiefs,TE,Travis Kelce,99
Chiefs,TE,Ricky Seals-Jones,68
Chiefs,TE,Nick Keizer,64
Chiefs,TE,Sean Culkin,63
Chiefs,TE,Deon Yelder,61
Chiefs,TE,Evan Baylis,58
Chiefs,TE,James Winchester,31
Chiefs,LT,Eric Fisher,75
Chiefs,LT,Prince Tega Wanogho,63
Chiefs,LG,Kelechi Osemele,81
Chiefs,LG,Stefen Wisniewski,67
Chiefs,LG,Nick Allegretti,64
Chiefs,C,Austin Reiter,74
Chiefs,C,Daniel Kilgore,67
Chiefs,RG,Laurent Duvernay-Tardif,78
Chiefs,RG,Mike Remmers,71
Chiefs,RG,Andrew Wylie,69
Chiefs,RT,Mitchell Schwartz,94
Chiefs,RT,Lucas Niang,64
Chiefs,RT,Martinas Rankin,62
Chiefs,RT,Yasir Durant,56
Chiefs,DT,Chris Jones,92
Chiefs,DT,Derrick Nnadi,81
Chiefs,DT,Mike Pennel,75
Chiefs,DT,Khalen Saunders,71
Chiefs,DT,Tershawn Wharton,70
Chiefs,LE,Alex Okafor,73
Chiefs,LE,Tanoh Kpassagnon,70
Chiefs,LE,Tim Ward,64
Chiefs,LE,Demone Harris,62
Chiefs,RE,Frank Clark,81
Chiefs,RE,Taco Charlton,72
Chiefs,RE,Michael Danna,67
Chiefs,LOLB,Dorian O'Daniel,70
Chiefs,MLB,Anthony Hitchens,74
Chiefs,MLB,Ben Niemann,67
Chiefs,MLB,Darius Harris,59
Chiefs,MLB,Emmanuel Smith,55
Chiefs,ROLB,Damien Wilson,75
Chiefs,ROLB,Willie Gay,69
Chiefs,FS,Juan Thornhill,79
Chiefs,FS,Armani Watts,64
Chiefs,SS,Tyrann Mathieu,95
Chiefs,SS,Daniel Sorensen,72
Chiefs,SS,Rodney Clemons,60
Chiefs,CB1,L'Jarius Sneed,80
Chiefs,CB2,Charvarius Ward,76
Chiefs,K,Harrison Butker,84
Chiefs,P,Dustin Colquitt,72
Chiefs,P,Tommy Townsend,72
Raiders,QB,Derek Carr,83
Raiders,QB,Marcus Mariota,69
Raiders,QB,Kyle Sloter,57
Raiders,QB,Nathan Peterman,51
Raiders,HB,Josh Jacobs,90
Raiders,HB,Jalen Richard,73
Raiders,HB,Devontae Booker,72
Raiders,HB,Theo Riddick,70
Raiders,FB,Alec Ingold,75
Raiders,WR1,Tyrell Williams,80
Raiders,WR2,Nelson Agholor,79
Raiders,WR3,Henry Ruggs III,77
Raiders,TE,Darren Waller,93
Raiders,TE,Jason Witten,73
Raiders,TE,Foster Moreau,70
Raiders,TE,Derek Carrier,63
Raiders,TE,Trent Sieg,24
Raiders,LT,Kolton Miller,79
Raiders,LT,Brandon Parker,65
Raiders,LT,Jaryd Jones-Smith,53
Raiders,LG,Richie Incognito,90
Raiders,LG,Denzelle Good,70
Raiders,C,Rodney Hudson,92
Raiders,C,Andre James,53
Raiders,C,Erik Magnuson,53
Raiders,RG,Gabe Jackson,80
Raiders,RG,John Simpson,67
Raiders,RT,Trent Brown,87
Raiders,RT,Sam Young,61
Raiders,DT,Johnathan Hankins,79
Raiders,DT,Maurice Hurst,79
Raiders,DT,Maliek Collins,71
Raiders,DT,Niles Scott,60
Raiders,DT,Kendal Vickers,59
Raiders,LE,Maxx Crosby,77
Raiders,LE,Carl Nassib,74
Raiders,LE,Chris Smith,68
Raiders,LE,Gerri Green,64
Raiders,LE,Jeremiah Valoaga,60
Raiders,RE,Clelin Ferrell,78
Raiders,RE,Takkarist McKinley,72
Raiders,RE,Arden Key,71
Raiders,LOLB,Nicholas Morrow,72
Raiders,LOLB,Raekwon McMillan,72
Raiders,LOLB,Kyle Wilber,67
Raiders,LOLB,Asmar Bilal,65
Raiders,LOLB,James Onwualu,65
Raiders,MLB,Nick Kwiatkoski,79
Raiders,MLB,Ukeme Eligwe,59
Raiders,ROLB,Cory Littleton,74
Raiders,ROLB,Vic Beasley Jr.,70
Raiders,ROLB,Tanner Muse,67
Raiders,ROLB,Javin White,62
Raiders,FS,Jeff Heath,75
Raiders,FS,Erik Harris,74
Raiders,FS,Dallin Leavitt,63
Raiders,SS,Johnathan Abram,74
Raiders,SS,Rashaan Gaulden,69
Raiders,CB1,Trayvon Mullen,80
Raiders,CB2,Lamarcus Joyner,79
Raiders,K,Daniel Carlson,73
Raiders,P,A.J. Cole III,73
Chargers,QB,Justin Herbert,78
Chargers,QB,Tyrod Taylor,68
Chargers,QB,Easton Stick,61
Chargers,HB,Austin Ekeler,86
Chargers,HB,Justin Jackson,73
Chargers,HB,Joshua Kelley,70
Chargers,HB,Kalen Ballage,70
Chargers,HB,Darius Bradwell,61
Chargers,FB,Gabe Nabers,66
Chargers,WR1,Keenan Allen,93
Chargers,WR2,Mike Williams,82
Chargers,WR3,Jalen Guyton,71
Chargers,TE,Hunter Henry,87
Chargers,TE,Virgil Green,72
Chargers,TE,Donald Parham Jr.,65
Chargers,TE,Stephen Anderson,64
Chargers,TE,Cole Mazza,27
Chargers,LT,Sam Tevi,63
Chargers,LT,Trey Pipkins III,62
Chargers,LG,Forrest Lamp,71
Chargers,C,Mike Pouncey,80
Chargers,C,Dan Feeney,68
Chargers,C,Scott Quessenberry,65
Chargers,C,Cole Toner,56
Chargers,RG,Trai Turner,79
Chargers,RG,Ryan Groy,63
Chargers,RG,Ryan Hunter,55
Chargers,RT,Bryan Bulaga,88
Chargers,RT,Storm Norton,55
Chargers,RT,Tyree St. Louis,53
Chargers,DT,Linval Joseph,84
Chargers,DT,Justin Jones,74
Chargers,DT,Damion Square,68
Chargers,DT,Cortez Broughton,63
Chargers,DT,T.J. Smith Jr.,62
Chargers,LE,Joey Bosa,93
Chargers,LE,Isaac Rochell,68
Chargers,RE,Melvin Ingram III,89
Chargers,RE,Uchenna Nwosu,78
Chargers,RE,Jerry Tillery,74
Chargers,RE,Joe Gaziano,62
Chargers,RE,Jessie Lemonier,60
Chargers,LOLB,Drue Tranquill,74
Chargers,LOLB,Kyzir White,69
Chargers,LOLB,Malik Jefferson,68
Chargers,MLB,Kenneth Murray Jr.,77
Chargers,MLB,Denzel Perryman,73
Chargers,MLB,B.J. Bello,59
Chargers,MLB,Cole Christiansen,59
Chargers,ROLB,Nick Vigil,73
Chargers,ROLB,Emeke Egbule,64
Chargers,FS,Jahleel Addae,75
Chargers,FS,Nasir Adderley,73
Chargers,SS,Derwin James Jr.,89
Chargers,SS,Rayshawn Jenkins,73
Chargers,SS,Jaylen Watkins,71
Chargers,SS,Alohi Gilman,66
Chargers,CB1,Casey Hayward Jr.,87
Chargers,CB2,Chris Harris Jr.,87
Chargers,K,Michael Badgley,70
Chargers,P,Lachlan Edwards,70
Chargers,P,Ty Long,66
Rams,QB,Jared Goff,77
Rams,QB,Blake Bortles,65
Rams,QB,Devlin Hodges,58
Rams,QB,John Wolford,57
Rams,QB,Bryce Perkins,53
Rams,HB,Cam Akers,80
Rams,HB,Darrell Henderson Jr.,75
Rams,HB,Malcolm Brown,75
Rams,HB,Xavier Jones,63
Rams,HB,Raymond Calais,62
Rams,WR1,Robert Woods,87
Rams,WR2,Cooper Kupp,86
Rams,WR3,Josh Reynolds,76
Rams,TE,Tyler Higbee,82
Rams,TE,Gerald Everett,77
Rams,TE,Brycen Hopkins,64
Rams,TE,Johnny Mundt,61
Rams,TE,Kendall Blanton,57
Rams,TE,Jake McQuaide,35
Rams,TE,Colin Holba,32
Rams,LT,Andrew Whitworth,87
Rams,LT,Joseph Noteboom,67
Rams,LT,Tremayne Anchrum Jr.,57
Rams,LG,David Edwards,72
Rams,LG,Jamil Demby,58
Rams,LG,Coleman Shelton,54
Rams,C,Austin Blythe,76
Rams,C,Brian Allen,65
Rams,RG,Austin Corbett,75
Rams,RG,Chandler Brewer,57
Rams,RT,Rob Havenstein,80
Rams,RT,Bobby Evans Jr.,65
Rams,DT,Sebastian Joseph-Day,83
Rams,DT,Greg Gaines,69
Rams,LE,Michael Brockers,82
Rams,LE,Morgan Fox,74
Rams,LE,Michael Hoecht,65
Rams,RE,Aaron Donald,99
Rams,RE,A'Shawn Robinson,72
Rams,LE,Marquise Copeland,61
Rams,LOLB,Leonard Floyd,78
Rams,LOLB,Ogbonnia Okoronkwo,69
Rams,LOLB,Derek Rivers,67
Rams,LOLB,Justin Lawler,64
Rams,LOLB,Eric Banks,58
Rams,MLB,Micah Kiser,68
Rams,MLB,Kenny Young,67
Rams,MLB,Troy Reeder,67
Rams,MLB,Travin Howard,58
Rams,MLB,Christian Rozeboom,57
Rams,ROLB,Samson Ebukam,74
Rams,ROLB,Justin Hollins,70
Rams,ROLB,Terrell Lewis,68
Rams,FS,Taylor Rapp,74
Rams,FS,Jordan Fuller,72
Rams,FS,J.R. Reed,64
Rams,FS,Juju Hughes,63
Rams,FS,Jake Gervase,61
Rams,SS,John Johnson III,86
Rams,SS,Terrell Burgess,74
Rams,SS,Nick Scott,63
Rams,CB1,Jalen Ramsey,97
Rams,CB2,Darious Williams,84
Rams,K,Matt Gay,73
Rams,K,Austin MacGinnis,66
Rams,P,Johnny Hekker,86
Rams,P,Brandon Wright,66
Dolphins,QB,Ryan Fitzpatrick,74
Dolphins,QB,Tua Tagovailoa,73
Dolphins,QB,Reid Sinnett,48
Dolphins,QB,Jake Rudock,45
Dolphins,HB,Matt Breida,75
Dolphins,HB,Myles Gaskin,74
Dolphins,HB,DeAndre Washington,70
Dolphins,HB,Salvon Ahmed,69
Dolphins,HB,Patrick Laird,68
Dolphins,HB,Jordan Scarlett,64
Dolphins,WR1,DeVante Parker,84
Dolphins,WR2,Albert Wilson,74
Dolphins,WR3,Jakeem Grant Sr.,74
Dolphins,TE,Mike Gesicki,85
Dolphins,TE,Adam Shaheen,68
Dolphins,TE,Durham Smythe,66
Dolphins,TE,Blake Ferguson,27
Dolphins,LT,Austin Jackson,65
Dolphins,LT,Julie'n Davenport,63
Dolphins,LG,Ereck Flowers,74
Dolphins,LG,Adam Pankey,55
Dolphins,C,Ted Karras,71
Dolphins,C,Michael Deiter,63
Dolphins,C,Cameron Tom,57
Dolphins,C,Tyler Gauthier,55
Dolphins,RG,Solomon Kindley,70
Dolphins,RT,Robert Hunt,71
Dolphins,RT,Jesse Davis,67
Dolphins,DT,Raekwon Davis,74
Dolphins,DT,Davon Godchaux,73
Dolphins,DT,Benito Jones,60
Dolphins,LE,Emmanuel Ogbah,82
Dolphins,LE,Jason Strowbridge,65
Dolphins,LE,Jonathan Ledbetter,62
Dolphins,RE,Christian Wilkins,78
Dolphins,RE,Zach Sieler,68
Dolphins,LOLB,Kyle Van Noy,81
Dolphins,MLB,Jerome Baker,77
Dolphins,MLB,Elandon Roberts,70
Dolphins,MLB,Kamu Grugier-Hill,70
Dolphins,MLB,Calvin Munson,59
Dolphins,ROLB,Andrew Van Ginkel,77
Dolphins,ROLB,Shaq Lawson,75
Dolphins,ROLB,Vince Biegel,70
Dolphins,ROLB,Sam Eguavoen,68
Dolphins,FS,Bobby McCain,78
Dolphins,FS,Brandon Jones,70
Dolphins,SS,Eric Rowe,81
Dolphins,SS,Clayton Fejedelem,70
Dolphins,SS,Kavon Frazier,69
Dolphins,SS,Brian Cole II,62
Dolphins,CB1,Xavien Howard,90
Dolphins,CB2,Byron Jones,88
Dolphins,K,Jason Sanders,84
Dolphins,P,Matt Haack,74
Vikings,QB,Kirk Cousins,80
Vikings,QB,Jake Browning,53
Vikings,QB,Nate Stanley,53
Vikings,QB,Sean Mannion,53
Vikings,HB,Dalvin Cook,94
Vikings,HB,Alexander Mattison,75
Vikings,HB,Ameer Abdullah,71
Vikings,HB,Mike Boone,67
Vikings,FB,C.J. Ham,73
Vikings,WR1,Adam Thielen,89
Vikings,WR2,Justin Jefferson,86
Vikings,WR3,Olabisi Johnson,71
Vikings,TE,Kyle Rudolph,83
Vikings,TE,Irv Smith Jr.,75
Vikings,TE,Tyler Conklin,66
Vikings,TE,Hale Hentges,61
Vikings,TE,Brandon Dillon,59
Vikings,TE,Andrew DePaola,48
Vikings,LT,Riley Reiff,73
Vikings,LT,Rashod Hill,63
Vikings,LG,Dakota Dozier,63
Vikings,LG,Kyle Hinton,60
Vikings,LG,Zack Bailey,56
Vikings,C,Garrett Bradbury,79
Vikings,RG,Ezra Cleveland,70
Vikings,RG,Brett Jones,69
Vikings,RG,Dru Samia,61
Vikings,RG,Blake Brandel,58
Vikings,RT,Brian O'Neill,78
Vikings,RT,Olisaemeka Udoh,61
Vikings,DT,Michael Pierce,91
Vikings,DT,Shamar Stephen,71
Vikings,DT,Jaleel Johnson,67
Vikings,DT,Armon Watts,66
Vikings,DT,James Lynch,64
Vikings,LE,Danielle Hunter,89
Vikings,LE,Jalyn Holmes,69
Vikings,LE,Hercules Mata'afa,66
Vikings,LE,Kenny Willekes,64
Vikings,LE,Jordan Brailford,63
Vikings,RE,Ifeadi Odenigbo,72
Vikings,RE,D.J. Wonnum,70
Vikings,LOLB,Anthony Barr,79
Vikings,LOLB,Todd Davis,71
Vikings,LOLB,Troy Dye,68
Vikings,MLB,Eric Kendricks,91
Vikings,MLB,Hardy Nickerson,67
Vikings,MLB,Cameron Smith,65
Vikings,ROLB,Eric Wilson,77
Vikings,ROLB,Ryan Connelly,69
Vikings,ROLB,Blake Lynch,62
Vikings,FS,Anthony Harris,81
Vikings,FS,Josh Metellus,65
Vikings,SS,Harrison Smith,93
Vikings,SS,George Iloka,70
Vikings,CB1,Mike Hughes,75
Vikings,CB2,Jeff Gladney,73
Vikings,K,Dan Bailey,73
Vikings,K,Greg Joseph,68
Vikings,P,Britton Colquitt,75
Patriots,QB,Cam Newton,76
Patriots,QB,Jarrett Stidham,61
Patriots,QB,Brian Hoyer,60
Patriots,HB,James White,79
Patriots,HB,Sony Michel,79
Patriots,HB,Damien Harris,75
Patriots,HB,Rex Burkhead,75
Patriots,HB,Brandon Bolden,69
Patriots,HB,J.J. Taylor,68
Patriots,FB,Danny Vitale,67
Patriots,FB,Jakob Johnson,65
Patriots,WR1,Julian Edelman,79
Patriots,WR2,Jakobi Meyers,75
Patriots,WR3,Marqise Lee,75
Patriots,TE,Dalton Keene,66
Patriots,TE,Devin Asiasi,66
Patriots,TE,Ryan Izzo,65
Patriots,TE,Matt LaCosse,64
Patriots,TE,Joe Cardona,26
Patriots,LT,Isaiah Wynn,81
Patriots,LT,Justin Herron,61
Patriots,LT,Korey Cunningham,56
Patriots,LG,Joe Thuney,84
Patriots,LG,Michael Onwenu,80
Patriots,C,David Andrews,85
Patriots,C,Marcus Martin,54
Patriots,C,James Frentz,53
Patriots,RG,Shaq Mason,86
Patriots,RG,Najee Toran,52
Patriots,RT,Marcus Cannon,76
Patriots,RT,Jermaine Eluemunor,65
Patriots,RT,Yodny Cajuste,60
Patriots,DT,Adam Butler,74
Patriots,DT,Beau Allen,69
Patriots,DT,Akeem Spence,67
Patriots,DT,Byron Cowart,67
Patriots,DT,Carl Davis,66
Patriots,LE,Chase Winovich,78
Patriots,LE,John Simon,75
Patriots,RE,Lawrence Guy,78
Patriots,RE,Deatrich Wise Jr.,76
Patriots,LOLB,Brandon Copeland,72
Patriots,LOLB,Anfernee Jennings,68
Patriots,LOLB,Tashawn Bower,63
Patriots,MLB,Dont'a Hightower,88
Patriots,MLB,Ja'Whaun Bentley,73
Patriots,MLB,Terez Hall,67
Patriots,MLB,Cassh Maluia,60
Patriots,ROLB,Josh Uche,73
Patriots,ROLB,Shilique Calhoun,68
Patriots,ROLB,Brandon King,60
Patriots,FS,Devin McCourty,92
Patriots,FS,Adrian Phillips,78
Patriots,FS,Cody Davis,68
Patriots,SS,Patrick Chung,83
Patriots,SS,Kyle Dugger,77
Patriots,SS,Terrence Brooks,70
Patriots,CB1,Stephon Gilmore,99
Patriots,CB2,JC Jackson,85
Patriots,K,Nick Folk,73
Patriots,K,Justin Rohrwasser,69
Patriots,P,Jake Bailey,76
Saints,QB,Drew Brees,86
Saints,QB,Jameis Winston,74
Saints,QB,Taysom Hill,67
Saints,QB,Trevor Siemian,59
Saints,HB,Alvin Kamara,94
Saints,HB,Latavius Murray,82
Saints,HB,Ty Montgomery II,73
Saints,HB,Dwayne Washington,67
Saints,FB,Michael Burton,69
Saints,WR1,Michael Thomas,94
Saints,WR2,Emmanuel Sanders,84
Saints,WR3,Tre'Quan Smith,75
Saints,TE,Jared Cook,86
Saints,TE,Josh Hill,74
Saints,TE,Adam Trautman,71
Saints,TE,Garrett Griffin,62
Saints,TE,Cole Wick,61
Saints,TE,Jason Vander Laan,58
Saints,TE,Ethan Wolf,55
Saints,TE,Zach Wood,26
Saints,LT,Terron Armstead,94
Saints,LG,Andrus Peat,76
Saints,LG,Derrick Kelly,58
Saints,C,Erik McCoy,83
Saints,C,Will Clapp,59
Saints,RG,Cesar Ruiz,73
Saints,RG,Nick Easton,66
Saints,RG,Calvin Throckmorton,60
Saints,RT,Ryan Ramczyk,89
Saints,RT,James Hurst,66
Saints,RT,Ethan Greenidge,55
Saints,DT,David Onyemata,82
Saints,DT,Sheldon Rankins,78
Saints,DT,Malcom Brown,74
Saints,DT,Shy Tuttle,69
Saints,DT,Ryan Glasgow,68
Saints,DT,Malcolm Roach,65
Saints,DT,Christian Ringo,62
Saints,LE,Cameron Jordan,93
Saints,LE,Carl Granderson,67
Saints,RE,Trey Hendrickson,80
Saints,RE,Marcus Davenport,79
Saints,RE,Noah Spence,69
Saints,LOLB,Zack Baun,69
Saints,LOLB,Kaden Elliss,64
Saints,MLB,Demario Davis,91
Saints,MLB,Craig Robertson,63
Saints,ROLB,Kwon Alexander,79
Saints,ROLB,Alex Anzalone,74
Saints,ROLB,Chase Hansen,62
Saints,FS,Marcus Williams,84
Saints,FS,P.J. Williams,75
Saints,FS,D.J. Swearinger Sr.,73
Saints,SS,Chauncey Gardner-Johnson,84
Saints,SS,Malcolm Jenkins,83
Saints,SS,J.T. Gray,62
Saints,CB1,Marshon Lattimore,87
Saints,CB2,Janoris Jenkins,81
Saints,K,Wil Lutz,79
Saints,P,Thomas Morstead,83
Saints,P,Blake Gillikin,70
Giants,QB,Daniel Jones,72
Giants,QB,Colt McCoy,61
Giants,QB,Joe Web III,52
Giants,QB,Clayton Thorson,51
Giants,HB,Saquon Barkley,89
Giants,HB,Wayne Gallman Jr.,74
Giants,HB,Dion Lewis,73
Giants,HB,Alfred Morris,69
Giants,HB,Taquan Mizzell Sr.,63
Giants,FB,Elijhaa Penny,70
Giants,WR1,Sterling Shepard,83
Giants,WR2,Golden Tate III,81
Giants,WR3,Darius Slayton,80
Giants,TE,Evan Engram,83
Giants,TE,Kaden Smith,68
Giants,TE,Levine Toilolo,65
Giants,TE,Casey Kreiter,33
Giants,LT,Andrew Thomas,70
Giants,LT,Nate Solder,70
Giants,LT,Jackson Barton,54
Giants,LG,Will Hernandez,73
Giants,LG,Shane Lemieux,65
Giants,C,Nick Gates,68
Giants,C,Jonotthan Harrison,67
Giants,C,Spencer Pulley,65
Giants,RG,Kevin Zeitler,83
Giants,RG,Kenny Wiggins,64
Giants,RG,Kyle Murphy,56
Giants,RG,Chad Slade,54
Giants,RT,Matthew Peart,67
Giants,RT,Cameron Fleming,66
Giants,DT,Dalvin Tomlinson,81
Giants,DT,Austin Johnson,68
Giants,LE,Dexter Lawrence II,80
Giants,LE,B.J. Hill,74
Giants,RE,Leonard Williams,84
Giants,RE,RJ McIntosh,63
Giants,LOLB,Lorenzo Carter,75
Giants,LOLB,Jabaal Sheard,73
Giants,LOLB,Breeland Speaks,66
Giants,LOLB,Niko Lalos,64
Giants,LOLB,Trent Harris,62
Giants,MLB,Blake Martinez,78
Giants,MLB,David Mayo,68
Giants,MLB,Devante Downs,64
Giants,MLB,Tae Crowder,63
Giants,MLB,T.J. Brunson,57
Giants,ROLB,Kyler Fackrell,72
Giants,ROLB,Oshane Ximines,72
Giants,ROLB,Carter Coughlin,69
Giants,ROLB,Cam Brown,65
Giants,FS,Logan Ryan,84
Giants,FS,Xavier McKinney,74
Giants,FS,Adrian Colbert,68
Giants,FS,Montre Hartage,61
Giants,SS,Jabrill Peppers,81
Giants,SS,Julian Love,75
Giants,SS,Nate Ebner,67
Giants,CB1,James Bradberry IV,90
Giants,CB2,Isaac Yiadom,74
Giants,K,Graham Gano,82
Giants,P,Ryan Santoso,63
Giants,P,Riley Dixon,70
Jets,QB,Sam Darnold,70
Jets,QB,Joe Flacco,69
Jets,QB,James Morgan,59
Jets,HB,Frank Gore,78
Jets,HB,Ty Johnson,69
Jets,HB,Josh Adams,68
Jets,HB,La'Mical Perine,66
Jets,WR1,Jamison Crowder,82
Jets,WR2,Breshad Perriman,75
Jets,WR3,Braxton Berrios,72
Jets,TE,Christopher Herndon IV,70
Jets,TE,Ryan Griffin,69
Jets,TE,Daniel Brown,64
Jets,TE,Trevon Wesco,64
Jets,TE,Ross Travis,62
Jets,TE,Thomas Hennessy,31
Jets,LT,Mekhi Becton,82
Jets,LT,Cameron Clark,62
Jets,LG,Alex Lewis,73
Jets,LG,Pat Elfein,71
Jets,LG,Conor McDermott,57
Jets,C,Connor McGovern,75
Jets,C,Josh Andrews,58
Jets,C,James Murray,55
Jets,C,Leo Koloamatangi,55
Jets,RG,Greg Van Roten,69
Jets,RT,George Fant,69
Jets,RT,Chuma Edoga,68
Jets,DT,Folorunso Fatukasi,76
Jets,DT,Tanzel Smart,63
Jets,LE,John Franklin-Myers,77
Jets,LE,Henry Anderson,75
Jets,LE,Kyle Phillips,69
Jets,LE,Sharif Finch,66
Jets,RE,Quinnen Williams,84
Jets,RE,Nathan Shepherd,69
Jets,RE,Trevon Coley,66
Jets,LOLB,Tarell Basham,71
Jets,LOLB,Frankie Luvu,69
Jets,LOLB,Jabari Zuniga,68
Jets,MLB,C.J. Mosley,85
Jets,MLB,Patrick Onwuasor,74
Jets,MLB,Blake Cashman,70
Jets,MLB,Neville Hewitt,69
Jets,MLB,Harvey Langi,66
Jets,MLB,Bryce Hager,63
Jets,MLB,Noah Dawkins,60
Jets,ROLB,Jordan Jenkins,74
Jets,ROLB,Bryce Huff,66
Jets,FS,Ashtyn Davis,75
Jets,FS,Bradley McDougald,75
Jets,FS,Bennett Jackson,62
Jets,FS,Saquan Hampton,62
Jets,SS,Marcus Maye,85
Jets,SS,Matthias Farley,72
Jets,SS,Elijah Campbell,60
Jets,CB1,Brian Poole,82
Jets,CB2,Blessuan Austin,74
Jets,K,Chase McLaughlin,67
Jets,K,Sam Ficken,67
Jets,P,Braden Mann,74
Eagles,QB,Carson Wentz,72
Eagles,QB,Jalen Hurts,71
Eagles,QB,Nate Sudfeld,56
Eagles,HB,Miles Sanders,81
Eagles,HB,Boston Scott,74
Eagles,HB,Corey Clement,71
Eagles,HB,Jason Huntley,66
Eagles,HB,Elijah Holyfield,63
Eagles,WR1,DeSean Jackson,80
Eagles,WR2,Alshon Jeffery,77
Eagles,WR3,Marquise Goodwin,76
Eagles,TE,Dallas Goedert,84
Eagles,TE,Zach Ertz,82
Eagles,TE,Richard Rodgers,69
Eagles,TE,Hakeem Butler,66
Eagles,TE,Caleb Wilson,60
Eagles,TE,Tyree Jackson,56
Eagles,TE,Rick Lovato,30
Eagles,LT,Jordan Mailata,71
Eagles,LT,Andre Dillard,69
Eagles,LG,Jason Peters,77
Eagles,LG,Isaac Seumalo,71
Eagles,LG,Nate Herbig,62
Eagles,LG,Sua Opeta,58
Eagles,C,Jason Kelce,93
Eagles,C,Ross Pierschbacher,62
Eagles,C,Luke Juriga,56
Eagles,RG,Brandon Brooks,92
Eagles,RG,Jack Driscoll,65
Eagles,RT,Lane Johnson,88
Eagles,RT,Matt Pryor,63
Eagles,RT,Brett Toth,53
Eagles,DT,Fletcher Cox,94
Eagles,DT,Javon Hargrave,80
Eagles,DT,Malik Jackson,76
Eagles,DT,Treyvon Hester,66
Eagles,DT,Raequan Williams,61
Eagles,LE,Brandon Graham,85
Eagles,LE,Vinny Curry,76
Eagles,LE,Joe Ostman,63
Eagles,RE,Derek Barnett,76
Eagles,RE,Josh Sweat,75
Eagles,RE,Genard Avery,71
Eagles,LOLB,Duke Riley,68
Eagles,LOLB,Shaun Bradley,63
Eagles,MLB,Alex Singleton,70
Eagles,MLB,Joe Bachie Jr.,62
Eagles,ROLB,Nathan Gerry,69
Eagles,ROLB,Davion Taylor,68
Eagles,ROLB,T.J. Edwards,68
Eagles,FS,Rodney McLeod Jr.,78
Eagles,FS,K'Von Wallace,70
Eagles,FS,Marcus Epps,67
Eagles,FS,Elijah Riley,63
Eagles,SS,Jalen Mills,73
Eagles,SS,Rudy Ford,67
Eagles,SS,Grayland Arnold,64
Eagles,CB1,Darius Slay Jr.,88
Eagles,CB2,Nickell Robey-Coleman,78
Eagles,K,Jake Elliott,72
Eagles,P,Cameron Johnston,72
Steelers,QB,Ben Roethlisberger,79
Steelers,QB,Dwayne Haskins Jr.,65
Steelers,QB,Joshua Dobbs,62
Steelers,QB,Mason Rudolph,62
Steelers,HB,James Conner,82
Steelers,HB,Benny Snell Jr.,74
Steelers,HB,Jaylen Samuels,71
Steelers,HB,Anthony McFarland,67
Steelers,HB,Trey Edmunds,64
Steelers,FB,Derek Watt,71
Steelers,WR1,JuJu Smith-Schuster,84
Steelers,WR2,Diontae Johnson,79
Steelers,WR3,Chase Claypool,77
Steelers,TE,Eric Ebron,83
Steelers,TE,Vance McDonald,71
Steelers,TE,Charles Jones,60
Steelers,TE,Dax Raymond,58
Steelers,TE,Zach Gentry,58
Steelers,TE,Kevin Rader,57
Steelers,TE,Kameron Canaday,26
Steelers,LT,Alejandro Villanueva,77
Steelers,LT,Jarron Jones,57
Steelers,LG,Matt Feiler,74
Steelers,LG,Kevin Dotson,70
Steelers,C,Maurkice Pouncey,82
Steelers,C,J.C. Hassenauer,58
Steelers,RG,David DeCastro,87
Steelers,RG,Aviante Collins,64
Steelers,RG,Danny Isidora,60
Steelers,RT,Chukwuma Okorafor,64
Steelers,RT,Zach Banner,62
Steelers,RT,Jerald Hawkins,59
Steelers,DT,Tyson Alualu,84
Steelers,DT,Isaiah Buggs,66
Steelers,DT,Demarcus Christmas,64
Steelers,LE,Stephon Tuitt,88
Steelers,LE,Chris Wormley,70
Steelers,LE,Henry Mondeaux,64
Steelers,RE,Cameron Heyward,92
Steelers,RE,Carlos Davis,62
Steelers,RE,Calvin Taylor,59
Steelers,LOLB,T.J. Watt,93
Steelers,LOLB,Cassius Marsh Sr.,66
Steelers,LOLB,Jayrone Elliott,61
Steelers,MLB,Avery Williamson,81
Steelers,MLB,Vince Williams,78
Steelers,MLB,Devin Bush,77
Steelers,MLB,Robert Spillane,67
Steelers,MLB,Ulysees Gilbert III,62
Steelers,ROLB,Bud Dupree,82
Steelers,ROLB,Alex Highsmith,71
Steelers,ROLB,Olasunkanmi Adeniyi,64
Steelers,FS,Minkah Fitzpatrick,88
Steelers,FS,Marcus Allen,65
Steelers,SS,Terrell Edmunds,77
Steelers,SS,Sean Davis,71
Steelers,SS,Antoine Brooks Jr.,67
Steelers,SS,Jordan Dangerfield,67
Steelers,CB1,Mike Hilton,82
Steelers,CB2,Joe Haden,81
Steelers,K,Chris Boswell,81
Steelers,P,Jordan Berry,76
49ers,QB,Jimmy Garoppolo,75
49ers,QB,Nick Mullens,68
49ers,QB,Josh Rosen,65
49ers,QB,C.J. Beathard,57
49ers,HB,Raheem Mostert,86
49ers,HB,Jerick McKinnon,77
49ers,HB,Tevin Coleman,77
49ers,HB,Jeff Wilson Jr.,70
49ers,HB,JaMycal Hasty,65
49ers,HB,Austin Walter,62
49ers,FB,Kyle Juszczyk,87
49ers,WR1,Deebo Samuel,81
49ers,WR2,Brandon Aiyuk,78
49ers,WR3,Kendrick Bourne,77
49ers,TE,George Kittle,97
49ers,TE,Jordan Reed,81
49ers,TE,Ross Dwelley,67
49ers,TE,Charlie Woerner,63
49ers,TE,Taybor Pepper,28
49ers,LT,Trent Williams,94
49ers,LT,Justin Skule,65
49ers,LT,Shon Coleman,59
49ers,LG,Laken Tomlinson,79
49ers,RG,Colton McKivitz,62
49ers,C,Weston Richburg,79
49ers,C,Ben Garland,71
49ers,C,Hroniss Grasu,63
49ers,C,Tony Bergstrom,62
49ers,C,Jake Brendel,56
49ers,RG,Tom Compton,67
49ers,RG,Daniel Brunskill,65
49ers,RT,Mike McGlinchey,80
49ers,DT,Javon Kinlaw,77
49ers,DT,Solomon Thomas,74
49ers,DT,D.J. Jones,73
49ers,DT,Kevin Givens,66
49ers,DT,Kentavius Street,65
49ers,LE,Arik Armstead,84
49ers,LE,Dee Ford,83
49ers,LE,Ziggy Ansah,73
49ers,LE,Ronald Blair III,72
49ers,RE,Nick Bosa,90
49ers,RE,Kerry Hyder,73
49ers,RE,Dion Jordan,72
49ers,RE,Jordan Willis,71
49ers,RE,Daeshon Hall,63
49ers,LOLB,Dre Greenlaw,77
49ers,LOLB,Mark Nzeocha,66
49ers,MLB,Fred Warner,92
49ers,MLB,Joe Walker,65
49ers,ROLB,Azeez Al-Shaair,64
49ers,ROLB,Demetrius Flannigan-Fowles,63
49ers,FS,Jimmie Ward,83
49ers,FS,Kai Nacua,66
49ers,SS,Jaquiski Tartt,82
49ers,SS,Tarvarius Moore,69
49ers,SS,Marcell Harris,68
49ers,CB1,Richard Sherman,87
49ers,CB2,Jason Verrett,84
49ers,K,Robbie Gould,80
49ers,P,Mitch Wishnowsky,79
Seahawks,QB,Russell Wilson,95
Seahawks,QB,Geno Smith,56
Seahawks,QB,Alex McGough,52
Seahawks,QB,Danny Etling,48
Seahawks,HB,Chris Carson,87
Seahawks,HB,Carlos Hyde,77
Seahawks,HB,Rashaad Penny,76
Seahawks,HB,Bo Scarbrough,67
Seahawks,HB,Travis Homer,66
Seahawks,HB,DeeJay Dallas,65
Seahawks,FB,Nick Bellore,64
Seahawks,WR1,D.K. Metcalf,89
Seahawks,WR2,Tyler Lockett,87
Seahawks,WR3,Josh Gordon,77
Seahawks,TE,Greg Olsen,80
Seahawks,TE,Will Dissly,77
Seahawks,TE,Jacob Hollister,72
Seahawks,TE,Luke Willson,68
Seahawks,TE,Colby Parkinson,65
Seahawks,TE,Tyler Ott,36
Seahawks,LT,Duane Brown,83
Seahawks,LG,Mike Iupati,76
Seahawks,LG,Phil Haynes,66
Seahawks,LG,Jordan Simmons,58
Seahawks,LG,Brad Lundblade,56
Seahawks,C,Ethan Pocic,73
Seahawks,C,Kyle Fuller,54
Seahawks,RG,Damien Lewis,72
Seahawks,RG,Jamarco Jones,63
Seahawks,RT,Brandon Shell,68
Seahawks,RT,Cedric Ogbuehi,61
Seahawks,RT,Tommy Champion,52
Seahawks,DT,Jarran Reed,78
Seahawks,DT,Poona Ford,77
Seahawks,DT,Jonathan Bullard,66
Seahawks,DT,Bryan Mone,63
Seahawks,DT,Cedrick Lattimore,63
Seahawks,LE,Benson Mayowa,73
Seahawks,LE,L.J. Collier,71
Seahawks,LE,Darrell Taylor,67
Seahawks,LE,Branden Jackson,64
Seahawks,RE,Carlos Dunlap II,79
Seahawks,RE,Alton Robinson,70
Seahawks,RE,Rasheem Green,69
Seahawks,RE,Damontre Moore,67
Seahawks,LOLB,Jordyn Brooks,78
Seahawks,LOLB,Shaquem Griffin,74
Seahawks,LOLB,Bruce Irvin,73
Seahawks,LOLB,Cody Barton,72
Seahawks,MLB,Bobby Wagner,96
Seahawks,ROLB,K.J. Wright,83
Seahawks,ROLB,Ben Burr-Kirven,69
Seahawks,FS,Quandre Diggs,82
Seahawks,FS,Damarious Randall,77
Seahawks,FS,Marquise Blair,71
Seahawks,SS,Jamal Adams,90
Seahawks,SS,Lano Hill,69
Seahawks,SS,Ryan Neal,67
Seahawks,CB1,Shaquill Griffin,86
Seahawks,CB2,Quinton Dunbar,78
Seahawks,K,Jason Myers,77
Seahawks,P,Michael Dickson,81
Buccaneers,QB,Tom Brady,96
Buccaneers,QB,Blaine Gabbert,62
Buccaneers,QB,Ryan Griffin,54
Buccaneers,HB,Ronald Jones II,83
Buccaneers,HB,Leonard Fournette,78
Buccaneers,HB,LeSean McCoy,73
Buccaneers,HB,Ke'Shawn Vaughn,69
Buccaneers,HB,T.J. Logan,68
Buccaneers,HB,Kenjon Barner,67
Buccaneers,WR1,Mike Evans,91
Buccaneers,WR2,Chris Godwin,88
Buccaneers,WR3,Antonio Brown,86
Buccaneers,TE,Rob Gronkowski,86
Buccaneers,TE,O.J. Howard,81
Buccaneers,TE,Cameron Brate,76
Buccaneers,TE,Antony Auclair,61
Buccaneers,TE,Tanner Hudson,61
Buccaneers,TE,Zach Triner,23
Buccaneers,LT,Donovan Smith,73
Buccaneers,LT,Josh Wells,66
Buccaneers,LG,Ali Marpet,89
Buccaneers,C,Ryan Jensen,89
Buccaneers,C,A.Q. Shipley,64
Buccaneers,RG,Alex Cappa,75
Buccaneers,RG,Aaron Stinnie,60
Buccaneers,RG,John Molchon,55
Buccaneers,RT,Tristan Wirfs,89
Buccaneers,RT,Joe Haeg,61
Buccaneers,RT,Brad Seaton,55
Buccaneers,DT,Vita Vea,88
Buccaneers,DT,Steve McLendon,76
Buccaneers,DT,Rakeem Nunez-Roches,68
Buccaneers,LE,William Gholston,78
Buccaneers,LE,Jeremiah Ledbetter,67
Buccaneers,LE,Khalil Davis,64
Buccaneers,RE,Ndamukong Suh,85
Buccaneers,RE,Pat O'Connor,62
Buccaneers,RE,Kobe Smith,61
Buccaneers,LOLB,Shaquil Barrett,88
Buccaneers,LOLB,Anthony Nelson,69
Buccaneers,MLB,Lavonte David,91
Buccaneers,MLB,Devin White,84
Buccaneers,MLB,Deone Bucannon,69
Buccaneers,MLB,Kevin Minter,68
Buccaneers,MLB,Jack Cichy,62
Buccaneers,ROLB,Jason Pierre-Paul,85
Buccaneers,ROLB,Cam Gill,63
Buccaneers,ROLB,Quinton Bell,60
Buccaneers,FS,Antoine Winfield Jr.,83
Buccaneers,FS,Mike Edwards,76
Buccaneers,SS,Jordan Whitehead,76
Buccaneers,SS,Andrew Adams,71
Buccaneers,CB1,Carlton Davis III,83
Buccaneers,CB2,Jamel Dean,80
Buccaneers,K,Ryan Succop,74
Buccaneers,P,Bradley Pinion,79
Titans,QB,Ryan Tannehill,87
Titans,QB,DeShone Kizer,59
Titans,QB,Logan Woodside,49
Titans,HB,Derrick Henry,95
Titans,HB,Darrynton Evans,69
Titans,HB,D'Onta Foreman,66
Titans,HB,Jeremy McNichols,63
Titans,HB,Senorise Perry,58
Titans,FB,Khari Blasingame,72
Titans,WR1,A.J. Brown,85
Titans,WR2,Corey Davis,83
Titans,WR3,Adam Humphries,76
Titans,TE,Jonnu Smith,80
Titans,TE,Anthony Firkser,73
Titans,TE,Geoff Swaim,67
Titans,TE,MyCole Pruitt,67
Titans,TE,Jared Pinkney,59
Titans,TE,Matt Orzech,25
Titans,LT,Taylor Lewan,86
Titans,LT,Ty Sambrailo,65
Titans,LT,David Quessenberry,63
Titans,LT,Paul Adams,53
Titans,LG,Rodger Saffold III,84
Titans,LG,Daniel Munyer,57
Titans,C,Ben Jones,81
Titans,C,Aaron Brewer,57
Titans,RG,Nate Davis,76
Titans,RG,Jamil Douglas,62
Titans,RT,Dennis Kelly,72
Titans,RT,Isaiah Wilson,65
Titans,DT,DaQuan Jones,77
Titans,DT,Teair Tart,66
Titans,DT,Daylon Mack,64
Titans,LE,Jeffery Simmons Jr.,83
Titans,LE,Matt Dickerson,58
Titans,RE,Jack Crawford,70
Titans,RE,Larrell Murchison,63
Titans,LOLB,Jadeveon Clowney,87
Titans,LOLB,Derick Roberson,67
Titans,LOLB,Nate Orchard,67
Titans,LOLB,Tuzar Skipper,63
Titans,LOLB,Wyatt Ray,59
Titans,MLB,Rashaan Evans,83
Titans,MLB,Jayon Brown,79
Titans,MLB,David Long Jr.,69
Titans,MLB,Will Compton,69
Titans,MLB,Daren Bates,61
Titans,MLB,Nick Dzubnar,61
Titans,ROLB,Harold Landry III,80
Titans,ROLB,Davin Bellamy,60
Titans,FS,Kevin Byard,88
Titans,FS,Amani Hooker,74
Titans,SS,Kenny Vaccaro,78
Titans,SS,Dane Cruikshank,69
Titans,SS,Joshua Kalu,60
Titans,CB1,Desmond King II,84
Titans,CB2,Adoree' Jackson,81
Titans,K,Stephen Gostkowski,75
Titans,K,Tucker McCann,68
Titans,P,Brett Kern,85
Commanders,QB,Alex Smith,71
Commanders,QB,Kyle Allen,66
Commanders,QB,Taylor Heinicke,60
Commanders,HB,Antonio Gibson,79
Commanders,HB,J.D. McKissic,77
Commanders,HB,Peyton Barber,70
Commanders,HB,Bryce Love,68
Commanders,HB,Jonathan Williams,67
Commanders,HB,Javon Leake,61
Commanders,WR1,Terry McLaurin,88
Commanders,WR2,Steven Sims,72
Commanders,WR3,Kelvin Harmon,71
Commanders,TE,Logan Thomas,77
Commanders,TE,Jeremy Sprinkle,67
Commanders,TE,Dylan Cantrell,63
Commanders,TE,Thaddeus Moss,62
Commanders,TE,Tyrone Swoopes,60
Commanders,TE,Marcus Baugh,59
Commanders,TE,Temarrick Hemingway,56
Commanders,LT,Cornelius Lucas III,66
Commanders,LT,Geron Christian Sr.,65
Commanders,LT,David Steinmetz,51
Commanders,LG,Saahdiq Charles,64
Commanders,LG,Wes Martin,63
Commanders,C,Chase Roullier,77
Commanders,C,Keith Ismael,61
Commanders,C,Nick Sundberg,49
Commanders,RG,Brandon Scherff,87
Commanders,RG,Wes Schweitzer,69
Commanders,RT,Morgan Moses,76
Commanders,RT,Rick Leonard,55
Commanders,DT,Jonathan Allen,88
Commanders,DT,Da'Ron Payne,87
Commanders,DT,Matthew Ioannidis,86
Commanders,DT,Tim Settle,74
Commanders,DT,Caleb Brantley,65
Commanders,DT,James Smith-Williams,65
Commanders,DT,Devaroe Lawrence,61
Commanders,LE,Montez Sweat,82
Commanders,LE,Ryan Kerrigan,76
Commanders,LE,Casey Toohill,65
Commanders,LE,Jalen Jelks,61
Commanders,RE,Chase Young,85
Commanders,LE,Ryan Anderson,69
Commanders,LOLB,Mychal Kendricks,75
Commanders,LOLB,Kevin Pierre-Louis,73
Commanders,MLB,Cole Holcomb,75
Commanders,MLB,Reuben Foster,75
Commanders,MLB,Jon Bostic,72
Commanders,ROLB,Thomas Davis Sr.,76
Commanders,ROLB,Khaleke Hudson,67
Commanders,ROLB,Jordan Kunaszyk,66
Commanders,ROLB,Josh Harvey-Clemons,65
Commanders,ROLB,Justin Phillips,64
Commanders,FS,Kamren Curl,74
Commanders,FS,Deshazor Everett,65
Commanders,FS,Troy Apke,65
Commanders,SS,Landon Collins,79
Commanders,SS,Jeremy Reaves,65
Commanders,CB1,Kendall Fuller,89
Commanders,CB2,Ronald Darby,80
Commanders,K,Dustin Hopkins,74
Commanders,P,Tress Way,83